<NotepadPlus>
    <ScintillaContextMenu>
        <Item MenuEntryName="Edit" MenuItemName="Cut"/>
        <Item MenuEntryName="Edit" MenuItemName="Copy"/>
        <Item MenuEntryName="Edit" MenuItemName="Paste"/>
        <Item MenuEntryName="Edit" MenuItemName="Delete"/>
        <Item MenuEntryName="Edit" MenuItemName="Select all"/>
        <Item id="0"/>
        <Item PluginEntryName="NppXLUE" pluginCommandItemName="Go To Definition"/>
        <Item PluginEntryName="NppXLUE" pluginCommandItemName="Compile xml"/>
        <Item PluginEntryName="NppXLUE" pluginCommandItemName="Compile all"/>
        <Item PluginEntryName="NppXLUE" pluginCommandItemName="Ueload this xar"/>
        <Item PluginEntryName="NppXLUE" pluginCommandItemName="Xml<->Lua"/>
        <Item PluginEntryName="NppXLUE" pluginCommandItemName="Open Folder and Select File"/>
        <Item id="0"/>
        <Item MenuEntryName="Edit" MenuItemName="UPPERCASE"/>
        <Item MenuEntryName="Edit" MenuItemName="lowercase"/>
        <Item id="0"/>
        <Item MenuEntryName="Edit" MenuItemName="Toggle block comment"/>
        <Item MenuEntryName="Edit" MenuItemName="Stream comment"/>
        <Item id="0"/>
        <Item MenuEntryName="View" MenuItemName="Hide lines"/>
    </ScintillaContextMenu>
</NotepadPlus><br/>